workload,ipc
astar,0.124245
lbm,0.638365
mcf,0.062193
milc,0.570575
omnetpp,0.257191
