policy,astar,lbm,mcf,milc,omnetpp,average
TriSHiP,0.47107329657401237,0.44074542295769475,0.5285058807870938,0.3227188135875508,0.8526164472624679,0.5231319722337638
SHiP-RRIP,0.4736716679187515,0.44075299300905757,0.5296160266644063,0.3227188135875508,0.8396311384960424,0.5212781279351617
Dynamic Insertion Policy (DIP),0.447305241746871,0.4293946763311538,0.45996989169275515,0.32159098314952533,0.8385037965774138,0.4993529178995438
DRRIP,0.42904665551602433,0.40727521163064895,0.4609941100980156,0.3082543429618312,0.846753076331188,0.4904646793075417
SetDuelDIP,0.4525232462543764,0.4355172342007998,0.4096460657431569,0.24505601135433788,0.8260493525239933,0.4737583820153328
