workload,hit_rate
astar,0.197472
lbm,0.344303
mcf,0.174136
milc,0.304256
omnetpp,0.008350
